Name,Title,Review,Date
Luis,Good value,"Mediocre product, I do not recommend it.",2025-01-12
Pedro,Exceeded expectations,"The color does not match the description, disappointed.",2025-06-12
Pedro,Good value,"Performs well for basic use, not for heavy tasks.",2025-02-18
Pedro,Not worth the price,"The quality surprised me, it exceeded my expectations.",2024-09-10
Luis,Best deal,"Mediocre product, I do not recommend it.",2025-05-11
Mateo,Durability problem,"Arrived earlier than expected, very satisfied.",2025-06-11
Laura,Bad experience,"Fast delivery and good packaging, everything perfect.",2025-06-26
Lucía,Poor quality,"Questionable durability, wears out quickly.",2025-07-15
Luis,Highly recommended,"It did not meet my expectations, I expected better quality.",2025-04-17
Javier,Easy setup,"It does what it promises, nothing more.",2025-05-31
Luis,Excellent support,"Excellent value for money, I recommend it.",2025-04-16
Diego,Easy setup,"The design is attractive, but the material feels fragile.",2024-08-24
Javier,Highly recommended,"I loved the product, very useful and easy to use.",2025-03-11
Sofía,Excellent support,Unbeatable value for money.,2024-08-18
Lucía,Nice design,"Arrived earlier than expected, very satisfied.",2025-02-15
Luis,Wrong color,"Easy to install and use, I would buy it again.",2024-12-27
Laura,Basic but good,"I would not buy it again, it broke in a few days.",2024-12-21
Isabella,Best deal,"Questionable durability, wears out quickly.",2025-04-08
Camila,Good value,"Mediocre product, I do not recommend it.",2024-08-17
Miguel,Highly recommended,"Customer service was excellent, they answered my questions.",2025-06-08
Andrés,Easy setup,"Performs well for basic use, not for heavy tasks.",2024-11-26
Valeria,Battery issue,"Fast delivery and good packaging, everything perfect.",2024-08-15
Andrés,Fast shipping,"Arrived earlier than expected, very satisfied.",2025-02-21
Andrés,Premium look,"Mediocre product, I do not recommend it.",2024-09-30
Fernanda,Poor quality,"Excellent value for money, I recommend it.",2025-02-20
Isabella,Fast shipping,"Very good finish, looks high-end.",2024-08-29
Diego,Highly recommended,"It does what it promises, nothing more.",2024-09-27
Laura,Great purchase,"The color does not match the description, disappointed.",2024-10-27
Fernanda,Best deal,"Fast delivery and good packaging, everything perfect.",2025-02-09
Mateo,Great purchase,"It did not meet my expectations, I expected better quality.",2024-11-19
Pedro,Good value,"Very good finish, looks high-end.",2024-07-29
Laura,Exceeded expectations,"Mediocre product, I do not recommend it.",2024-12-07
Camila,Wrong color,"Very good finish, looks high-end.",2024-10-02
María,Fast shipping,"It does what it promises, nothing more.",2025-03-29
Fernanda,Bad experience,"Questionable durability, wears out quickly.",2024-08-09
Isabella,Basic but good,"Performs well for basic use, not for heavy tasks.",2024-09-13
Paula,Very satisfied,"Arrived earlier than expected, very satisfied.",2025-04-10
Javier,Easy setup,"It works well, but the battery does not last long.",2025-06-24
Mateo,Bad experience,"I loved the product, very useful and easy to use.",2024-08-18
Mateo,Battery issue,"Good product for the price, although there are better options.",2024-12-23
Pedro,Exceeded expectations,"The design is attractive, but the material feels fragile.",2025-01-01
Ana,Premium look,"It does what it promises, nothing more.",2024-11-18
Laura,Very satisfied,"It does what it promises, nothing more.",2025-06-30
Sebastián,Meets expectations,"The color does not match the description, disappointed.",2025-06-20
Mateo,Easy setup,"Mediocre product, I do not recommend it.",2025-04-23
Javier,Fast shipping,"Mediocre product, I do not recommend it.",2025-04-04
Andrés,Good value,"Good product for the price, although there are better options.",2024-12-27
Paula,Great purchase,"Very good finish, looks high-end.",2025-03-16
María,Battery issue,"Good product for the price, although there are better options.",2025-03-14
Paula,Highly recommended,"Fast delivery and good packaging, everything perfect.",2024-12-06
Gabriel,Best deal,"Easy to install and use, I would buy it again.",2024-10-30
Pedro,Highly recommended,"Performs well for basic use, not for heavy tasks.",2025-04-11
Ana,Fast shipping,"I had issues with the warranty, bad experience.",2025-05-05
Fernanda,Premium look,"I would not buy it again, it broke in a few days.",2024-12-28
Mateo,Premium look,"Easy to install and use, I would buy it again.",2025-03-27
Camila,Good value,"Mediocre product, I do not recommend it.",2024-11-20
Ana,Good value,Unbeatable value for money.,2024-12-07
Sebastián,Excellent support,"The color does not match the description, disappointed.",2025-02-10
Sebastián,Great purchase,"It works well, but the battery does not last long.",2024-12-17
María,Not worth the price,"Questionable durability, wears out quickly.",2024-11-30
Miguel,Nice design,"Good product for the price, although there are better options.",2025-06-25
Carlos,Easy setup,"The quality surprised me, it exceeded my expectations.",2025-01-27
Camila,Highly recommended,"It did not meet my expectations, I expected better quality.",2025-06-16
Lucía,Basic but good,"Good product for the price, although there are better options.",2025-06-13
Paula,Exceeded expectations,"Good product for the price, although there are better options.",2025-07-23
Isabella,Nice design,"Good product for the price, although there are better options.",2024-12-05
Paula,Great purchase,"I loved the product, very useful and easy to use.",2025-03-23
Sebastián,Bad experience,"The quality surprised me, it exceeded my expectations.",2025-02-25
Andrés,Very satisfied,"The quality surprised me, it exceeded my expectations.",2025-02-02
Laura,Great purchase,Unbeatable value for money.,2025-07-22
Lucía,Battery issue,"I had issues with the warranty, bad experience.",2025-04-29
Sofía,Basic but good,"It works well, but the battery does not last long.",2024-12-27
Sofía,Excellent support,"Arrived earlier than expected, very satisfied.",2025-03-24
Sofía,Best deal,"Customer service was excellent, they answered my questions.",2024-08-30
Camila,Basic but good,"Questionable durability, wears out quickly.",2025-02-20
Camila,Not worth the price,"It works well, but the battery does not last long.",2025-01-16
Laura,Good value,"It did not meet my expectations, I expected better quality.",2025-05-15
Miguel,Warranty problem,"The color does not match the description, disappointed.",2024-09-15
Diego,Meets expectations,"Performs well for basic use, not for heavy tasks.",2025-05-23
Miguel,Highly recommended,"Mediocre product, I do not recommend it.",2025-01-24
Ana,Meets expectations,"I would not buy it again, it broke in a few days.",2025-02-07
Laura,Great purchase,"I would not buy it again, it broke in a few days.",2024-11-12
Fernanda,Premium look,"I would not buy it again, it broke in a few days.",2024-08-21
Diego,Very satisfied,"I had issues with the warranty, bad experience.",2025-03-26
Lucía,Great purchase,"It did not meet my expectations, I expected better quality.",2025-06-07
Paula,Poor quality,"Customer service was excellent, they answered my questions.",2025-04-01
María,Great purchase,"The design is attractive, but the material feels fragile.",2025-04-21
Diego,Durability problem,"Easy to install and use, I would buy it again.",2025-06-27
Diego,Excellent support,"The quality surprised me, it exceeded my expectations.",2025-02-12
Miguel,Not worth the price,"It did not meet my expectations, I expected better quality.",2025-02-28
Valeria,Fast shipping,"I had issues with the warranty, bad experience.",2025-03-08
Miguel,Highly recommended,"Fast delivery and good packaging, everything perfect.",2024-11-27
Andrés,Warranty problem,"Mediocre product, I do not recommend it.",2025-02-03
Mateo,Meets expectations,"I would not buy it again, it broke in a few days.",2024-11-26
Paula,Not worth the price,"I had issues with the warranty, bad experience.",2025-01-19
Carlos,Fast shipping,"Customer service was excellent, they answered my questions.",2025-02-16
Javier,Nice design,"Performs well for basic use, not for heavy tasks.",2024-12-07
Luis,Easy setup,"Easy to install and use, I would buy it again.",2024-11-09
Gabriel,Battery issue,"Easy to install and use, I would buy it again.",2024-07-27
Lucía,Warranty problem,Unbeatable value for money.,2025-01-19
Pedro,Battery issue,Unbeatable value for money.,2025-01-05
Javier,Nice design,"I had issues with the warranty, bad experience.",2024-11-28
Diego,Not worth the price,"Easy to install and use, I would buy it again.",2025-04-02
Pedro,Basic but good,"The quality surprised me, it exceeded my expectations.",2025-02-22
Ana,Not worth the price,"I had issues with the warranty, bad experience.",2025-04-24
Diego,Fast shipping,"Very good finish, looks high-end.",2024-08-17
Javier,Wrong color,"Excellent value for money, I recommend it.",2024-11-18
María,Fast shipping,"Mediocre product, I do not recommend it.",2024-08-27
Mateo,Bad experience,"The design is attractive, but the material feels fragile.",2025-05-03
Camila,Basic but good,"The design is attractive, but the material feels fragile.",2024-09-24
Javier,Not worth the price,"The quality surprised me, it exceeded my expectations.",2025-06-21
Luis,Durability problem,"Excellent value for money, I recommend it.",2025-02-24
Diego,Battery issue,"Performs well for basic use, not for heavy tasks.",2024-08-15
Mateo,Fast shipping,Unbeatable value for money.,2024-11-02
Paula,Exceeded expectations,"Fast delivery and good packaging, everything perfect.",2025-05-24
Ana,Highly recommended,"Excellent value for money, I recommend it.",2024-08-18
Andrés,Durability problem,"Excellent value for money, I recommend it.",2025-03-10
María,Excellent support,"The design is attractive, but the material feels fragile.",2024-12-18
Mateo,Wrong color,"Easy to install and use, I would buy it again.",2024-10-18
Paula,Meets expectations,"Performs well for basic use, not for heavy tasks.",2025-06-13
Carlos,Durability problem,"It does what it promises, nothing more.",2025-02-23
Paula,Excellent support,"It works well, but the battery does not last long.",2024-10-10
Mateo,Great purchase,"Questionable durability, wears out quickly.",2025-06-28
Isabella,Wrong color,"It did not meet my expectations, I expected better quality.",2025-07-08
Diego,Meets expectations,"I would not buy it again, it broke in a few days.",2025-01-15
Isabella,Durability problem,"I would not buy it again, it broke in a few days.",2024-08-05
Javier,Wrong color,"Easy to install and use, I would buy it again.",2024-10-30
Luis,Durability problem,"Mediocre product, I do not recommend it.",2024-08-20
María,Battery issue,Unbeatable value for money.,2024-07-30
Sebastián,Easy setup,"It did not meet my expectations, I expected better quality.",2025-05-17
Gabriel,Fast shipping,"The quality surprised me, it exceeded my expectations.",2025-06-18
Valeria,Poor quality,"Fast delivery and good packaging, everything perfect.",2025-06-23
Ana,Exceeded expectations,"The color does not match the description, disappointed.",2025-01-11
Laura,Poor quality,"Easy to install and use, I would buy it again.",2025-05-31
Laura,Very satisfied,"Very good finish, looks high-end.",2025-06-30
Laura,Best deal,"Mediocre product, I do not recommend it.",2025-02-01
Carlos,Bad experience,"I would not buy it again, it broke in a few days.",2024-11-23
Miguel,Warranty problem,"Customer service was excellent, they answered my questions.",2025-07-05
Javier,Excellent support,"It did not meet my expectations, I expected better quality.",2024-08-14
Ana,Bad experience,"It works well, but the battery does not last long.",2024-12-27
Diego,Battery issue,"Arrived earlier than expected, very satisfied.",2025-03-08
Miguel,Fast shipping,"Good product for the price, although there are better options.",2025-03-29
Diego,Fast shipping,"Fast delivery and good packaging, everything perfect.",2025-02-16
Miguel,Basic but good,"I would not buy it again, it broke in a few days.",2025-05-20
María,Very satisfied,"The design is attractive, but the material feels fragile.",2025-05-20
Andrés,Basic but good,"It does what it promises, nothing more.",2024-11-20
María,Basic but good,"I would not buy it again, it broke in a few days.",2025-01-07
Isabella,Warranty problem,"Performs well for basic use, not for heavy tasks.",2025-02-19
Paula,Very satisfied,"I had issues with the warranty, bad experience.",2024-09-25
Miguel,Easy setup,"Mediocre product, I do not recommend it.",2025-06-09
Valeria,Excellent support,"Mediocre product, I do not recommend it.",2025-03-01
Laura,Great purchase,"Mediocre product, I do not recommend it.",2024-07-29
Pedro,Durability problem,"Arrived earlier than expected, very satisfied.",2025-06-11
Ana,Easy setup,"It does what it promises, nothing more.",2025-01-05
María,Exceeded expectations,"It works well, but the battery does not last long.",2025-07-14
Camila,Best deal,"Easy to install and use, I would buy it again.",2025-05-12
Sebastián,Exceeded expectations,"Performs well for basic use, not for heavy tasks.",2025-06-15
Ana,Durability problem,"Very good finish, looks high-end.",2024-08-11
Diego,Basic but good,"It does what it promises, nothing more.",2024-11-29
Camila,Battery issue,"The design is attractive, but the material feels fragile.",2025-05-26
Carlos,Not worth the price,"Excellent value for money, I recommend it.",2025-03-03
Carlos,Durability problem,"Questionable durability, wears out quickly.",2024-11-27
Sebastián,Good value,"It does what it promises, nothing more.",2025-05-15
Miguel,Good value,"Performs well for basic use, not for heavy tasks.",2024-09-08
Gabriel,Best deal,"Questionable durability, wears out quickly.",2024-11-12
Lucía,Battery issue,"Mediocre product, I do not recommend it.",2024-11-13
Luis,Not worth the price,"I had issues with the warranty, bad experience.",2025-06-23
Javier,Excellent support,"The quality surprised me, it exceeded my expectations.",2024-11-24
Ana,Basic but good,"Excellent value for money, I recommend it.",2024-10-20
Isabella,Good value,"The design is attractive, but the material feels fragile.",2024-09-18
Sebastián,Meets expectations,"Customer service was excellent, they answered my questions.",2025-03-18
Diego,Highly recommended,"I had issues with the warranty, bad experience.",2024-09-07
Ana,Fast shipping,"Very good finish, looks high-end.",2024-12-31
Mateo,Wrong color,"I had issues with the warranty, bad experience.",2024-07-26
Ana,Warranty problem,"Good product for the price, although there are better options.",2025-04-20
Valeria,Premium look,"Very good finish, looks high-end.",2025-01-11
Camila,Fast shipping,"Performs well for basic use, not for heavy tasks.",2025-04-24
Gabriel,Bad experience,"The color does not match the description, disappointed.",2024-09-25
Ana,Durability problem,"Customer service was excellent, they answered my questions.",2025-04-15
Luis,Warranty problem,"Mediocre product, I do not recommend it.",2025-01-12
Fernanda,Exceeded expectations,"The quality surprised me, it exceeded my expectations.",2024-09-29
Sebastián,Nice design,"I had issues with the warranty, bad experience.",2025-06-11
María,Exceeded expectations,"Performs well for basic use, not for heavy tasks.",2025-04-15
Sebastián,Nice design,"Good product for the price, although there are better options.",2025-05-23
Mateo,Premium look,"The color does not match the description, disappointed.",2025-07-09
Pedro,Highly recommended,"Excellent value for money, I recommend it.",2024-10-02
Andrés,Best deal,"I had issues with the warranty, bad experience.",2025-02-16
Gabriel,Meets expectations,Unbeatable value for money.,2025-01-15
Paula,Battery issue,"Mediocre product, I do not recommend it.",2025-02-11
Carlos,Fast shipping,"Questionable durability, wears out quickly.",2024-07-28
Isabella,Bad experience,"The design is attractive, but the material feels fragile.",2025-05-05
Camila,Great purchase,"It does what it promises, nothing more.",2025-01-31
Javier,Battery issue,"It did not meet my expectations, I expected better quality.",2024-07-31
Isabella,Very satisfied,"Performs well for basic use, not for heavy tasks.",2025-06-18
Valeria,Excellent support,"Very good finish, looks high-end.",2024-09-09
Ana,Very satisfied,"Easy to install and use, I would buy it again.",2025-02-09
Miguel,Bad experience,"Good product for the price, although there are better options.",2025-07-26
Camila,Nice design,"The quality surprised me, it exceeded my expectations.",2024-08-29
Gabriel,Durability problem,"The quality surprised me, it exceeded my expectations.",2024-10-27
Andrés,Easy setup,"The design is attractive, but the material feels fragile.",2025-01-29
Paula,Excellent support,"I had issues with the warranty, bad experience.",2024-11-25
Javier,Poor quality,"Good product for the price, although there are better options.",2025-07-20
Sofía,Very satisfied,"It does what it promises, nothing more.",2024-10-13
Luis,Durability problem,"Easy to install and use, I would buy it again.",2025-06-19
Carlos,Exceeded expectations,"The quality surprised me, it exceeded my expectations.",2025-02-06
Paula,Battery issue,"Very good finish, looks high-end.",2025-07-26
Sebastián,Fast shipping,"Mediocre product, I do not recommend it.",2025-03-18
Luis,Easy setup,"I had issues with the warranty, bad experience.",2025-06-25
Laura,Premium look,"I had issues with the warranty, bad experience.",2025-07-10
Sofía,Wrong color,"Mediocre product, I do not recommend it.",2025-06-14
Andrés,Highly recommended,"Fast delivery and good packaging, everything perfect.",2024-10-15
Sebastián,Premium look,"Fast delivery and good packaging, everything perfect.",2024-08-11
Pedro,Good value,"The quality surprised me, it exceeded my expectations.",2024-12-02
Fernanda,Good value,"It does what it promises, nothing more.",2025-03-11
Fernanda,Fast shipping,"The quality surprised me, it exceeded my expectations.",2025-01-08
María,Warranty problem,"Good product for the price, although there are better options.",2024-12-13
Miguel,Bad experience,"Questionable durability, wears out quickly.",2024-10-01
Sebastián,Good value,"I had issues with the warranty, bad experience.",2024-08-28
Miguel,Meets expectations,"Mediocre product, I do not recommend it.",2024-09-24
Paula,Fast shipping,"Very good finish, looks high-end.",2025-01-06
Gabriel,Exceeded expectations,"Easy to install and use, I would buy it again.",2025-05-06
Andrés,Not worth the price,"I loved the product, very useful and easy to use.",2025-07-06
Javier,Good value,"The design is attractive, but the material feels fragile.",2025-07-22
Pedro,Best deal,"It works well, but the battery does not last long.",2024-08-16
Mateo,Durability problem,"Very good finish, looks high-end.",2024-11-27
Mateo,Easy setup,"Arrived earlier than expected, very satisfied.",2024-12-23
Andrés,Bad experience,"Mediocre product, I do not recommend it.",2025-07-26
Lucía,Meets expectations,"Easy to install and use, I would buy it again.",2025-07-23
Pedro,Poor quality,"Mediocre product, I do not recommend it.",2024-11-14
Camila,Premium look,"The quality surprised me, it exceeded my expectations.",2025-04-04
Camila,Fast shipping,"The color does not match the description, disappointed.",2024-11-07
Paula,Meets expectations,"Mediocre product, I do not recommend it.",2024-12-28
Valeria,Warranty problem,"It works well, but the battery does not last long.",2024-08-27
María,Fast shipping,"Questionable durability, wears out quickly.",2024-11-05
Andrés,Good value,"I would not buy it again, it broke in a few days.",2024-11-23
Ana,Great purchase,"It works well, but the battery does not last long.",2025-03-19
Gabriel,Wrong color,"Mediocre product, I do not recommend it.",2024-07-31
Isabella,Best deal,"It works well, but the battery does not last long.",2024-10-16
Sofía,Wrong color,"Good product for the price, although there are better options.",2024-09-26
Andrés,Good value,"I loved the product, very useful and easy to use.",2025-04-13
Gabriel,Not worth the price,"I would not buy it again, it broke in a few days.",2025-04-21
Fernanda,Excellent support,"I would not buy it again, it broke in a few days.",2025-03-09
María,Easy setup,"It does what it promises, nothing more.",2025-02-21
Miguel,Meets expectations,"The design is attractive, but the material feels fragile.",2024-11-23
María,Great purchase,"The quality surprised me, it exceeded my expectations.",2025-02-24
Ana,Battery issue,"It works well, but the battery does not last long.",2025-03-19
Andrés,Great purchase,"The design is attractive, but the material feels fragile.",2025-01-04
Sofía,Fast shipping,"Questionable durability, wears out quickly.",2025-07-24
Isabella,Warranty problem,Unbeatable value for money.,2025-03-28
Camila,Not worth the price,"Performs well for basic use, not for heavy tasks.",2025-02-15
Diego,Poor quality,"It did not meet my expectations, I expected better quality.",2024-08-28
Valeria,Excellent support,"Easy to install and use, I would buy it again.",2025-04-30
Carlos,Best deal,"Mediocre product, I do not recommend it.",2024-09-25
Diego,Not worth the price,"The color does not match the description, disappointed.",2024-12-16
Isabella,Great purchase,"It did not meet my expectations, I expected better quality.",2025-06-10
Pedro,Bad experience,"Very good finish, looks high-end.",2024-09-12
Fernanda,Premium look,"I loved the product, very useful and easy to use.",2024-10-24
Paula,Good value,"Customer service was excellent, they answered my questions.",2024-12-14
Isabella,Great purchase,"Arrived earlier than expected, very satisfied.",2025-01-30
Carlos,Poor quality,"It does what it promises, nothing more.",2025-01-16
Luis,Battery issue,"The design is attractive, but the material feels fragile.",2024-10-04
Fernanda,Warranty problem,"It did not meet my expectations, I expected better quality.",2025-06-17
Isabella,Durability problem,"Very good finish, looks high-end.",2025-04-07
Gabriel,Basic but good,"Very good finish, looks high-end.",2025-02-10
Carlos,Not worth the price,"I loved the product, very useful and easy to use.",2024-12-13
Camila,Fast shipping,"Fast delivery and good packaging, everything perfect.",2025-06-12
Lucía,Highly recommended,"Fast delivery and good packaging, everything perfect.",2024-12-01
Javier,Not worth the price,"Good product for the price, although there are better options.",2025-01-30
Ana,Highly recommended,"Customer service was excellent, they answered my questions.",2024-10-06
Fernanda,Premium look,"Questionable durability, wears out quickly.",2025-01-09
Mateo,Nice design,"Customer service was excellent, they answered my questions.",2024-11-13
Miguel,Wrong color,"Easy to install and use, I would buy it again.",2025-02-09
Laura,Wrong color,"It does what it promises, nothing more.",2024-11-09
Luis,Easy setup,"Customer service was excellent, they answered my questions.",2025-04-20
Javier,Great purchase,"Fast delivery and good packaging, everything perfect.",2024-09-09
Javier,Exceeded expectations,"It does what it promises, nothing more.",2025-05-12
Miguel,Exceeded expectations,"I had issues with the warranty, bad experience.",2025-02-07
Carlos,Nice design,"Very good finish, looks high-end.",2025-06-22
Miguel,Not worth the price,"Performs well for basic use, not for heavy tasks.",2025-04-10
Miguel,Very satisfied,"I would not buy it again, it broke in a few days.",2024-08-20
Lucía,Good value,"It works well, but the battery does not last long.",2025-01-24
Mateo,Highly recommended,"Fast delivery and good packaging, everything perfect.",2025-03-30
Miguel,Durability problem,"Very good finish, looks high-end.",2024-12-06
Camila,Wrong color,"Questionable durability, wears out quickly.",2024-12-31
Javier,Warranty problem,"The color does not match the description, disappointed.",2025-06-15
Miguel,Battery issue,"It did not meet my expectations, I expected better quality.",2025-06-01
Ana,Great purchase,"Performs well for basic use, not for heavy tasks.",2025-02-03
Lucía,Meets expectations,"Arrived earlier than expected, very satisfied.",2025-03-12
Carlos,Exceeded expectations,"It does what it promises, nothing more.",2025-03-25
Gabriel,Wrong color,"It works well, but the battery does not last long.",2025-01-07
Gabriel,Premium look,"I would not buy it again, it broke in a few days.",2024-12-14
Mateo,Basic but good,"The quality surprised me, it exceeded my expectations.",2025-07-09
Ana,Bad experience,"Very good finish, looks high-end.",2025-05-24
Carlos,Good value,"The color does not match the description, disappointed.",2025-02-22
Laura,Fast shipping,"It did not meet my expectations, I expected better quality.",2024-11-29
Lucía,Battery issue,"Easy to install and use, I would buy it again.",2024-10-05
María,Wrong color,"I would not buy it again, it broke in a few days.",2024-12-05
Andrés,Fast shipping,"Performs well for basic use, not for heavy tasks.",2025-05-13
Laura,Best deal,"It works well, but the battery does not last long.",2024-11-17
Isabella,Easy setup,"I loved the product, very useful and easy to use.",2025-01-10
Mateo,Bad experience,"It did not meet my expectations, I expected better quality.",2024-07-26
Miguel,Bad experience,"Mediocre product, I do not recommend it.",2025-01-14
Luis,Best deal,"It works well, but the battery does not last long.",2024-09-11
Luis,Excellent support,"I had issues with the warranty, bad experience.",2024-12-14
Andrés,Durability problem,"It does what it promises, nothing more.",2024-08-02
Miguel,Battery issue,"It works well, but the battery does not last long.",2025-03-27
Isabella,Battery issue,"Easy to install and use, I would buy it again.",2024-11-20
Sebastián,Highly recommended,"The design is attractive, but the material feels fragile.",2024-09-20
Valeria,Fast shipping,"I would not buy it again, it broke in a few days.",2025-03-30
Isabella,Fast shipping,"Excellent value for money, I recommend it.",2025-02-08
Diego,Nice design,"Mediocre product, I do not recommend it.",2025-02-20
Sofía,Nice design,"It does what it promises, nothing more.",2024-07-28
Isabella,Meets expectations,"Easy to install and use, I would buy it again.",2025-01-20
Carlos,Warranty problem,"Arrived earlier than expected, very satisfied.",2025-02-09
Andrés,Meets expectations,"Very good finish, looks high-end.",2025-04-05
Carlos,Nice design,"I would not buy it again, it broke in a few days.",2024-10-15
Paula,Bad experience,"I loved the product, very useful and easy to use.",2024-08-23
Lucía,Basic but good,"Very good finish, looks high-end.",2024-08-13
María,Bad experience,"Easy to install and use, I would buy it again.",2024-12-28
María,Fast shipping,"Easy to install and use, I would buy it again.",2025-06-13
Fernanda,Bad experience,"I had issues with the warranty, bad experience.",2024-12-01
Paula,Wrong color,"It does what it promises, nothing more.",2024-11-26
Laura,Very satisfied,"The color does not match the description, disappointed.",2024-11-18
Isabella,Excellent support,"Customer service was excellent, they answered my questions.",2025-02-25
Diego,Bad experience,"Customer service was excellent, they answered my questions.",2025-07-24
Andrés,Easy setup,"Questionable durability, wears out quickly.",2024-09-05
Sebastián,Easy setup,"Arrived earlier than expected, very satisfied.",2025-07-25
Carlos,Bad experience,"I would not buy it again, it broke in a few days.",2025-07-17
Sebastián,Not worth the price,"Excellent value for money, I recommend it.",2025-05-05
Sebastián,Very satisfied,"Fast delivery and good packaging, everything perfect.",2025-01-22
Carlos,Great purchase,"Mediocre product, I do not recommend it.",2024-12-02
Lucía,Very satisfied,"Excellent value for money, I recommend it.",2024-07-26
Miguel,Wrong color,"Mediocre product, I do not recommend it.",2024-07-27
Javier,Battery issue,"Easy to install and use, I would buy it again.",2024-12-02
Laura,Best deal,"The design is attractive, but the material feels fragile.",2025-01-01
Mateo,Battery issue,"It does what it promises, nothing more.",2025-02-13
Gabriel,Easy setup,"The design is attractive, but the material feels fragile.",2025-01-24
Carlos,Very satisfied,"It works well, but the battery does not last long.",2025-02-04
Laura,Basic but good,"The design is attractive, but the material feels fragile.",2025-06-11
Javier,Battery issue,"Performs well for basic use, not for heavy tasks.",2024-11-24
Miguel,Nice design,"Questionable durability, wears out quickly.",2024-09-24
Paula,Warranty problem,"Very good finish, looks high-end.",2025-01-04
Fernanda,Premium look,"The quality surprised me, it exceeded my expectations.",2024-08-21
Lucía,Premium look,"I had issues with the warranty, bad experience.",2024-11-03
Carlos,Very satisfied,"I would not buy it again, it broke in a few days.",2025-05-05
Mateo,Not worth the price,"It did not meet my expectations, I expected better quality.",2025-02-06
Diego,Exceeded expectations,"The color does not match the description, disappointed.",2025-01-07
Miguel,Basic but good,"I had issues with the warranty, bad experience.",2025-07-07
Gabriel,Warranty problem,"Very good finish, looks high-end.",2025-01-30
Mateo,Very satisfied,Unbeatable value for money.,2024-08-20
Javier,Great purchase,"It does what it promises, nothing more.",2025-05-15
Camila,Warranty problem,"I loved the product, very useful and easy to use.",2024-12-15
María,Fast shipping,"Arrived earlier than expected, very satisfied.",2024-08-14
Paula,Wrong color,Unbeatable value for money.,2025-05-27
Isabella,Not worth the price,"Easy to install and use, I would buy it again.",2025-03-08
Valeria,Easy setup,"Questionable durability, wears out quickly.",2025-02-10
Sebastián,Durability problem,"Easy to install and use, I would buy it again.",2024-07-28
Luis,Highly recommended,"It did not meet my expectations, I expected better quality.",2024-08-30
Luis,Warranty problem,Unbeatable value for money.,2025-02-16
Paula,Meets expectations,"Customer service was excellent, they answered my questions.",2024-12-23
Miguel,Exceeded expectations,"It works well, but the battery does not last long.",2024-12-24
Gabriel,Bad experience,"Questionable durability, wears out quickly.",2024-12-22
Andrés,Very satisfied,"The design is attractive, but the material feels fragile.",2025-03-03
Pedro,Nice design,"Questionable durability, wears out quickly.",2025-06-18
Andrés,Premium look,"Mediocre product, I do not recommend it.",2025-05-31
Carlos,Exceeded expectations,"It did not meet my expectations, I expected better quality.",2024-12-31
Paula,Battery issue,"The color does not match the description, disappointed.",2025-03-26
Luis,Very satisfied,"It works well, but the battery does not last long.",2025-07-02
Camila,Great purchase,"It did not meet my expectations, I expected better quality.",2024-10-10
Javier,Fast shipping,"The quality surprised me, it exceeded my expectations.",2024-12-08
Fernanda,Nice design,"Fast delivery and good packaging, everything perfect.",2025-03-29
Carlos,Easy setup,"Mediocre product, I do not recommend it.",2024-08-30
María,Bad experience,"It does what it promises, nothing more.",2024-08-24
Camila,Great purchase,Unbeatable value for money.,2025-04-15
Carlos,Very satisfied,"I loved the product, very useful and easy to use.",2025-04-25
Isabella,Good value,"The color does not match the description, disappointed.",2024-08-23
Sofía,Nice design,"I loved the product, very useful and easy to use.",2025-07-14
Isabella,Very satisfied,"Very good finish, looks high-end.",2025-03-13
Ana,Bad experience,"I would not buy it again, it broke in a few days.",2025-06-18
Camila,Fast shipping,"Customer service was excellent, they answered my questions.",2024-12-18
Andrés,Best deal,"The design is attractive, but the material feels fragile.",2025-07-06
Diego,Not worth the price,"Performs well for basic use, not for heavy tasks.",2025-04-01
Sofía,Highly recommended,"Good product for the price, although there are better options.",2024-11-01
Andrés,Exceeded expectations,"Performs well for basic use, not for heavy tasks.",2024-08-25
Carlos,Highly recommended,"It does what it promises, nothing more.",2025-01-14
Diego,Warranty problem,"Good product for the price, although there are better options.",2025-03-15
Mateo,Durability problem,"Fast delivery and good packaging, everything perfect.",2025-07-03
Diego,Fast shipping,"The design is attractive, but the material feels fragile.",2025-03-19
Valeria,Meets expectations,"The design is attractive, but the material feels fragile.",2025-07-23
Diego,Not worth the price,"The design is attractive, but the material feels fragile.",2024-12-05
Ana,Warranty problem,"The design is attractive, but the material feels fragile.",2025-03-29
Camila,Great purchase,"It works well, but the battery does not last long.",2025-06-21
Ana,Very satisfied,"Good product for the price, although there are better options.",2024-11-01
Ana,Best deal,"Customer service was excellent, they answered my questions.",2024-11-11
Paula,Highly recommended,"It works well, but the battery does not last long.",2025-01-03
Laura,Easy setup,"Questionable durability, wears out quickly.",2025-03-12
Camila,Poor quality,"Arrived earlier than expected, very satisfied.",2025-07-11
Mateo,Basic but good,"Arrived earlier than expected, very satisfied.",2024-09-28
Miguel,Meets expectations,"Good product for the price, although there are better options.",2024-12-16
Paula,Warranty problem,"The quality surprised me, it exceeded my expectations.",2024-11-27
Sebastián,Great purchase,"The design is attractive, but the material feels fragile.",2024-09-16
Javier,Good value,Unbeatable value for money.,2025-01-18
Luis,Excellent support,"Arrived earlier than expected, very satisfied.",2025-01-13
Camila,Highly recommended,"Arrived earlier than expected, very satisfied.",2024-11-23
Isabella,Great purchase,"Performs well for basic use, not for heavy tasks.",2024-09-10
Laura,Durability problem,"I would not buy it again, it broke in a few days.",2024-12-07
Luis,Durability problem,"I would not buy it again, it broke in a few days.",2024-11-02
Fernanda,Very satisfied,"It did not meet my expectations, I expected better quality.",2025-01-20
Carlos,Poor quality,"Questionable durability, wears out quickly.",2025-07-01
Laura,Great purchase,"Fast delivery and good packaging, everything perfect.",2025-05-29
Lucía,Poor quality,"It works well, but the battery does not last long.",2024-08-06
Javier,Fast shipping,"It works well, but the battery does not last long.",2024-10-31
Miguel,Great purchase,"Good product for the price, although there are better options.",2024-09-08
Andrés,Warranty problem,"Performs well for basic use, not for heavy tasks.",2024-12-04
Sebastián,Easy setup,"Good product for the price, although there are better options.",2025-01-10
Gabriel,Durability problem,"I would not buy it again, it broke in a few days.",2025-06-30
Sofía,Battery issue,"Arrived earlier than expected, very satisfied.",2025-04-29
Lucía,Fast shipping,"I loved the product, very useful and easy to use.",2024-12-15
Javier,Premium look,"Arrived earlier than expected, very satisfied.",2025-06-10
Valeria,Highly recommended,"Customer service was excellent, they answered my questions.",2024-08-21
Camila,Exceeded expectations,"Performs well for basic use, not for heavy tasks.",2025-06-23
Isabella,Best deal,"Very good finish, looks high-end.",2024-08-30
Laura,Bad experience,"Good product for the price, although there are better options.",2025-04-08
Luis,Not worth the price,"It works well, but the battery does not last long.",2025-06-04
Luis,Exceeded expectations,"The color does not match the description, disappointed.",2024-07-27
Gabriel,Fast shipping,"Excellent value for money, I recommend it.",2024-11-19
Ana,Best deal,"The color does not match the description, disappointed.",2025-06-08
Diego,Highly recommended,"It does what it promises, nothing more.",2025-06-05
Paula,Easy setup,"Fast delivery and good packaging, everything perfect.",2024-12-07
María,Best deal,"The color does not match the description, disappointed.",2025-02-22
Paula,Wrong color,"Good product for the price, although there are better options.",2025-06-24
Ana,Fast shipping,"I would not buy it again, it broke in a few days.",2025-02-26
Lucía,Poor quality,"Very good finish, looks high-end.",2024-12-08
Pedro,Exceeded expectations,"The design is attractive, but the material feels fragile.",2025-01-09
María,Great purchase,"Very good finish, looks high-end.",2024-10-10
Pedro,Battery issue,"Arrived earlier than expected, very satisfied.",2024-12-29
Paula,Fast shipping,"Mediocre product, I do not recommend it.",2024-12-11
Carlos,Nice design,"The color does not match the description, disappointed.",2025-01-01
Ana,Basic but good,"The color does not match the description, disappointed.",2025-03-09
Javier,Exceeded expectations,"I had issues with the warranty, bad experience.",2025-07-11
Javier,Poor quality,"Excellent value for money, I recommend it.",2025-04-27
María,Easy setup,"It works well, but the battery does not last long.",2024-10-11
Andrés,Meets expectations,"It did not meet my expectations, I expected better quality.",2024-12-28
Isabella,Poor quality,"Customer service was excellent, they answered my questions.",2024-10-10
Luis,Bad experience,"The quality surprised me, it exceeded my expectations.",2024-08-19
Miguel,Basic but good,"Good product for the price, although there are better options.",2025-04-29
Miguel,Battery issue,"Fast delivery and good packaging, everything perfect.",2024-09-10
Lucía,Warranty problem,"It works well, but the battery does not last long.",2024-11-28
Luis,Meets expectations,"Mediocre product, I do not recommend it.",2024-10-18
Lucía,Highly recommended,"It does what it promises, nothing more.",2024-10-31
Miguel,Basic but good,"Performs well for basic use, not for heavy tasks.",2024-09-11
Carlos,Great purchase,"The color does not match the description, disappointed.",2025-03-10
Diego,Exceeded expectations,"Mediocre product, I do not recommend it.",2024-10-27
Paula,Basic but good,"It does what it promises, nothing more.",2025-06-09
Miguel,Nice design,"It does what it promises, nothing more.",2025-05-26
Carlos,Very satisfied,"Excellent value for money, I recommend it.",2025-02-03
Laura,Durability problem,"Customer service was excellent, they answered my questions.",2025-03-19
Laura,Wrong color,"Performs well for basic use, not for heavy tasks.",2025-03-12
Luis,Wrong color,"Arrived earlier than expected, very satisfied.",2024-09-02
Laura,Easy setup,"The quality surprised me, it exceeded my expectations.",2024-09-27
Isabella,Nice design,"I had issues with the warranty, bad experience.",2025-01-22
Isabella,Meets expectations,"The design is attractive, but the material feels fragile.",2025-04-21
Camila,Premium look,"Good product for the price, although there are better options.",2025-01-13
Diego,Easy setup,"I loved the product, very useful and easy to use.",2025-01-14
Mateo,Premium look,"The design is attractive, but the material feels fragile.",2024-07-29
Carlos,Nice design,"Very good finish, looks high-end.",2024-12-17
Luis,Premium look,"Very good finish, looks high-end.",2024-09-23
Sofía,Fast shipping,"Questionable durability, wears out quickly.",2025-03-21
Sebastián,Nice design,"Easy to install and use, I would buy it again.",2024-10-05
Sebastián,Not worth the price,Unbeatable value for money.,2024-08-28
Paula,Wrong color,"Easy to install and use, I would buy it again.",2025-01-14
Fernanda,Battery issue,"I would not buy it again, it broke in a few days.",2025-02-20
Ana,Meets expectations,"Easy to install and use, I would buy it again.",2024-09-26
María,Fast shipping,"Questionable durability, wears out quickly.",2025-03-21
Miguel,Very satisfied,"The quality surprised me, it exceeded my expectations.",2024-09-07
Valeria,Good value,"Very good finish, looks high-end.",2025-06-17
Gabriel,Poor quality,"Fast delivery and good packaging, everything perfect.",2024-07-29
Isabella,Nice design,"I had issues with the warranty, bad experience.",2025-04-26
Laura,Highly recommended,"Performs well for basic use, not for heavy tasks.",2024-09-08
Laura,Premium look,"Easy to install and use, I would buy it again.",2025-01-27
Pedro,Easy setup,"I would not buy it again, it broke in a few days.",2024-11-06
Isabella,Fast shipping,"Questionable durability, wears out quickly.",2025-02-04
Paula,Battery issue,"Fast delivery and good packaging, everything perfect.",2024-10-20
Paula,Bad experience,"Customer service was excellent, they answered my questions.",2024-11-17
Luis,Excellent support,"Customer service was excellent, they answered my questions.",2025-04-11
Valeria,Bad experience,"Very good finish, looks high-end.",2024-09-16
Pedro,Very satisfied,Unbeatable value for money.,2025-05-23
Camila,Poor quality,"I loved the product, very useful and easy to use.",2024-08-07
Ana,Bad experience,"Mediocre product, I do not recommend it.",2024-09-24
Ana,Exceeded expectations,"Easy to install and use, I would buy it again.",2024-08-22
Lucía,Nice design,"Mediocre product, I do not recommend it.",2024-11-28
Laura,Nice design,"It did not meet my expectations, I expected better quality.",2025-01-21
Miguel,Very satisfied,"The quality surprised me, it exceeded my expectations.",2024-09-01
Paula,Highly recommended,"I would not buy it again, it broke in a few days.",2025-07-18
Sebastián,Warranty problem,"Customer service was excellent, they answered my questions.",2025-03-04
Sofía,Very satisfied,"Easy to install and use, I would buy it again.",2025-06-11
Valeria,Exceeded expectations,Unbeatable value for money.,2024-12-11
Carlos,Very satisfied,"The color does not match the description, disappointed.",2024-09-27
Ana,Warranty problem,"Customer service was excellent, they answered my questions.",2024-11-02
Gabriel,Not worth the price,"The design is attractive, but the material feels fragile.",2025-05-11
Gabriel,Warranty problem,"It did not meet my expectations, I expected better quality.",2025-05-24
Fernanda,Poor quality,"Excellent value for money, I recommend it.",2024-11-30
Isabella,Easy setup,"Excellent value for money, I recommend it.",2024-09-05
Lucía,Battery issue,"The design is attractive, but the material feels fragile.",2025-03-05
Fernanda,Meets expectations,"It works well, but the battery does not last long.",2025-04-07
Lucía,Warranty problem,"Good product for the price, although there are better options.",2024-09-27
Valeria,Nice design,"Performs well for basic use, not for heavy tasks.",2025-03-23
Camila,Nice design,"The color does not match the description, disappointed.",2024-12-01
Sofía,Poor quality,"I had issues with the warranty, bad experience.",2025-02-22
Gabriel,Fast shipping,"I loved the product, very useful and easy to use.",2025-04-13
María,Very satisfied,"I loved the product, very useful and easy to use.",2024-10-30
Gabriel,Premium look,"The quality surprised me, it exceeded my expectations.",2024-09-17
María,Meets expectations,"I loved the product, very useful and easy to use.",2025-06-30
Miguel,Fast shipping,"Fast delivery and good packaging, everything perfect.",2025-01-31
Gabriel,Good value,"Excellent value for money, I recommend it.",2024-12-06
Lucía,Easy setup,"Mediocre product, I do not recommend it.",2025-03-30
Lucía,Highly recommended,"The quality surprised me, it exceeded my expectations.",2024-10-29
Ana,Meets expectations,"I loved the product, very useful and easy to use.",2025-05-15
María,Nice design,"I would not buy it again, it broke in a few days.",2025-02-01
Laura,Not worth the price,"I would not buy it again, it broke in a few days.",2025-05-22
Pedro,Fast shipping,"It works well, but the battery does not last long.",2025-03-09
Miguel,Poor quality,"Good product for the price, although there are better options.",2024-09-23
Isabella,Good value,Unbeatable value for money.,2024-11-28
Diego,Bad experience,"Questionable durability, wears out quickly.",2025-05-20
Diego,Poor quality,"The quality surprised me, it exceeded my expectations.",2024-08-06
Camila,Wrong color,"I would not buy it again, it broke in a few days.",2025-04-10
Javier,Excellent support,"Questionable durability, wears out quickly.",2025-04-23
Camila,Easy setup,"It does what it promises, nothing more.",2024-11-08
Carlos,Fast shipping,Unbeatable value for money.,2025-04-07
Javier,Meets expectations,"Excellent value for money, I recommend it.",2025-04-15
Mateo,Highly recommended,"It does what it promises, nothing more.",2024-10-09
Paula,Best deal,"Questionable durability, wears out quickly.",2024-12-10
Laura,Bad experience,"Questionable durability, wears out quickly.",2025-05-26
Javier,Not worth the price,"I loved the product, very useful and easy to use.",2024-11-02
Andrés,Premium look,"Good product for the price, although there are better options.",2024-11-25
Pedro,Not worth the price,"Fast delivery and good packaging, everything perfect.",2024-11-18
Andrés,Durability problem,"I had issues with the warranty, bad experience.",2025-01-04
Isabella,Fast shipping,"It works well, but the battery does not last long.",2025-05-22
Lucía,Battery issue,"It did not meet my expectations, I expected better quality.",2025-05-16
Ana,Warranty problem,"It works well, but the battery does not last long.",2025-02-26
Miguel,Best deal,"Customer service was excellent, they answered my questions.",2024-10-12
Sofía,Wrong color,"Questionable durability, wears out quickly.",2025-03-10
Sebastián,Excellent support,"It does what it promises, nothing more.",2024-08-18
Lucía,Durability problem,"The design is attractive, but the material feels fragile.",2025-02-12
Carlos,Excellent support,"Arrived earlier than expected, very satisfied.",2025-03-24
Isabella,Not worth the price,"Good product for the price, although there are better options.",2025-04-24
Javier,Meets expectations,"Mediocre product, I do not recommend it.",2024-10-26
María,Excellent support,"Easy to install and use, I would buy it again.",2025-03-06
Sebastián,Warranty problem,"Very good finish, looks high-end.",2025-04-04
Andrés,Exceeded expectations,"I had issues with the warranty, bad experience.",2025-06-06
Sebastián,Easy setup,"I would not buy it again, it broke in a few days.",2024-10-09
Ana,Battery issue,"It did not meet my expectations, I expected better quality.",2024-08-25
Lucía,Durability problem,"Arrived earlier than expected, very satisfied.",2024-09-22
Carlos,Meets expectations,"Very good finish, looks high-end.",2025-04-26
Diego,Excellent support,"Mediocre product, I do not recommend it.",2025-05-18
Sebastián,Bad experience,"The design is attractive, but the material feels fragile.",2024-08-31
Pedro,Best deal,"I would not buy it again, it broke in a few days.",2024-09-03
Paula,Great purchase,"Questionable durability, wears out quickly.",2025-06-03
Paula,Basic but good,"Excellent value for money, I recommend it.",2025-02-18
Mateo,Very satisfied,Unbeatable value for money.,2024-12-29
Pedro,Good value,"Performs well for basic use, not for heavy tasks.",2024-11-03
Ana,Best deal,"Excellent value for money, I recommend it.",2025-03-06
Javier,Easy setup,"The color does not match the description, disappointed.",2024-07-30
Gabriel,Best deal,"Fast delivery and good packaging, everything perfect.",2024-12-22
Sebastián,Good value,"It works well, but the battery does not last long.",2025-02-28
Javier,Basic but good,"Excellent value for money, I recommend it.",2024-08-28
Carlos,Exceeded expectations,"The design is attractive, but the material feels fragile.",2024-09-15
Sebastián,Wrong color,"I had issues with the warranty, bad experience.",2025-01-09
Ana,Great purchase,"The color does not match the description, disappointed.",2024-11-17
Diego,Not worth the price,"Arrived earlier than expected, very satisfied.",2024-08-17
Ana,Great purchase,"The quality surprised me, it exceeded my expectations.",2025-01-10
Camila,Easy setup,"It did not meet my expectations, I expected better quality.",2025-07-14
Camila,Very satisfied,"It works well, but the battery does not last long.",2025-04-12
Sofía,Fast shipping,Unbeatable value for money.,2025-06-25
Ana,Bad experience,"Customer service was excellent, they answered my questions.",2024-08-19
Ana,Nice design,"It does what it promises, nothing more.",2024-09-19
María,Nice design,"Easy to install and use, I would buy it again.",2024-10-22
María,Warranty problem,"Good product for the price, although there are better options.",2025-03-14
Sofía,Premium look,"I would not buy it again, it broke in a few days.",2025-04-17
Lucía,Battery issue,Unbeatable value for money.,2024-11-05
Javier,Very satisfied,"Good product for the price, although there are better options.",2025-02-04
Isabella,Durability problem,"Performs well for basic use, not for heavy tasks.",2025-02-02
Sebastián,Best deal,"I loved the product, very useful and easy to use.",2025-02-10
Sebastián,Good value,"Good product for the price, although there are better options.",2024-12-21
Sofía,Exceeded expectations,"The quality surprised me, it exceeded my expectations.",2024-10-26
Sebastián,Warranty problem,"Arrived earlier than expected, very satisfied.",2025-07-05
Luis,Very satisfied,"Fast delivery and good packaging, everything perfect.",2024-10-18
Andrés,Premium look,"Mediocre product, I do not recommend it.",2025-06-07
Lucía,Fast shipping,"Easy to install and use, I would buy it again.",2024-12-24
Sebastián,Exceeded expectations,"Very good finish, looks high-end.",2024-08-17
Diego,Wrong color,"The color does not match the description, disappointed.",2024-08-14
Paula,Great purchase,"I loved the product, very useful and easy to use.",2025-03-08
Laura,Durability problem,"Very good finish, looks high-end.",2025-03-19
Mateo,Good value,"I would not buy it again, it broke in a few days.",2025-02-20
Mateo,Battery issue,"It did not meet my expectations, I expected better quality.",2025-06-16
Paula,Fast shipping,"Very good finish, looks high-end.",2024-12-24
Andrés,Good value,"Excellent value for money, I recommend it.",2025-04-12
Luis,Best deal,"The design is attractive, but the material feels fragile.",2025-01-21
Laura,Meets expectations,"Fast delivery and good packaging, everything perfect.",2025-02-19
Luis,Nice design,"I would not buy it again, it broke in a few days.",2024-12-07
Fernanda,Highly recommended,"Good product for the price, although there are better options.",2025-07-21
Isabella,Poor quality,"Performs well for basic use, not for heavy tasks.",2024-08-03
Sebastián,Basic but good,"The color does not match the description, disappointed.",2024-10-24
Gabriel,Poor quality,"I had issues with the warranty, bad experience.",2025-06-26
María,Nice design,"Fast delivery and good packaging, everything perfect.",2024-12-18
Paula,Fast shipping,"I loved the product, very useful and easy to use.",2024-12-26
María,Highly recommended,"I had issues with the warranty, bad experience.",2024-10-14
Isabella,Excellent support,"The design is attractive, but the material feels fragile.",2025-07-12
Valeria,Battery issue,"Performs well for basic use, not for heavy tasks.",2025-03-14
Sofía,Poor quality,"Good product for the price, although there are better options.",2024-12-02
Sofía,Battery issue,"It does what it promises, nothing more.",2024-12-24
Sofía,Basic but good,"Performs well for basic use, not for heavy tasks.",2025-06-26
María,Highly recommended,"Mediocre product, I do not recommend it.",2025-06-02
Ana,Not worth the price,"Excellent value for money, I recommend it.",2025-07-04
Valeria,Fast shipping,"Customer service was excellent, they answered my questions.",2024-07-26
Pedro,Wrong color,"Arrived earlier than expected, very satisfied.",2025-03-27
Ana,Meets expectations,"Customer service was excellent, they answered my questions.",2025-01-20
Camila,Good value,"Very good finish, looks high-end.",2025-02-12
Sebastián,Warranty problem,"Fast delivery and good packaging, everything perfect.",2025-05-31
Carlos,Not worth the price,"Excellent value for money, I recommend it.",2024-10-07
Paula,Best deal,"Fast delivery and good packaging, everything perfect.",2025-01-04
Miguel,Very satisfied,"It works well, but the battery does not last long.",2025-03-05
Mateo,Fast shipping,"Very good finish, looks high-end.",2024-08-12
Lucía,Meets expectations,"It did not meet my expectations, I expected better quality.",2025-03-31
María,Poor quality,"Performs well for basic use, not for heavy tasks.",2025-03-04
Sebastián,Meets expectations,"Excellent value for money, I recommend it.",2025-01-02
Valeria,Nice design,"Fast delivery and good packaging, everything perfect.",2024-09-05
Paula,Exceeded expectations,"Easy to install and use, I would buy it again.",2025-05-27
Miguel,Best deal,"Good product for the price, although there are better options.",2024-07-29
Pedro,Poor quality,"Easy to install and use, I would buy it again.",2025-04-03
Diego,Basic but good,"Easy to install and use, I would buy it again.",2025-04-06
Diego,Poor quality,Unbeatable value for money.,2025-05-16
Ana,Good value,"Customer service was excellent, they answered my questions.",2024-12-04
Laura,Best deal,"It does what it promises, nothing more.",2024-08-08
Camila,Basic but good,"Mediocre product, I do not recommend it.",2025-02-20
Luis,Exceeded expectations,"Very good finish, looks high-end.",2025-04-16
Pedro,Great purchase,"It does what it promises, nothing more.",2025-03-03
Valeria,Nice design,"The design is attractive, but the material feels fragile.",2024-08-09
Mateo,Premium look,"Arrived earlier than expected, very satisfied.",2024-11-23
Sebastián,Exceeded expectations,"Good product for the price, although there are better options.",2025-02-18
Camila,Best deal,"It did not meet my expectations, I expected better quality.",2024-09-11
Paula,Warranty problem,"It does what it promises, nothing more.",2025-06-23
Sebastián,Premium look,"I had issues with the warranty, bad experience.",2025-02-27
Laura,Highly recommended,Unbeatable value for money.,2024-10-01
Pedro,Highly recommended,"It does what it promises, nothing more.",2024-11-24
Gabriel,Easy setup,"Arrived earlier than expected, very satisfied.",2024-09-14
Andrés,Excellent support,"I loved the product, very useful and easy to use.",2025-01-21
Camila,Not worth the price,"Very good finish, looks high-end.",2025-03-04
Lucía,Excellent support,"The design is attractive, but the material feels fragile.",2025-02-23
Andrés,Bad experience,"Excellent value for money, I recommend it.",2025-07-14
Miguel,Durability problem,"I loved the product, very useful and easy to use.",2025-01-17
Camila,Premium look,Unbeatable value for money.,2025-07-02
Fernanda,Not worth the price,"Customer service was excellent, they answered my questions.",2025-03-03
Isabella,Excellent support,"Questionable durability, wears out quickly.",2025-03-25
Laura,Fast shipping,"It does what it promises, nothing more.",2025-02-13
Diego,Very satisfied,"Customer service was excellent, they answered my questions.",2024-07-26
Diego,Very satisfied,"Mediocre product, I do not recommend it.",2025-07-16
María,Poor quality,"Good product for the price, although there are better options.",2025-07-10
María,Not worth the price,"I loved the product, very useful and easy to use.",2024-08-31
Fernanda,Very satisfied,"Easy to install and use, I would buy it again.",2024-12-03
Carlos,Easy setup,"Good product for the price, although there are better options.",2025-04-27
Diego,Durability problem,"The design is attractive, but the material feels fragile.",2024-11-15
Paula,Excellent support,"Arrived earlier than expected, very satisfied.",2025-03-12
Gabriel,Highly recommended,"Customer service was excellent, they answered my questions.",2025-06-17
Carlos,Nice design,"Fast delivery and good packaging, everything perfect.",2024-09-13
Camila,Exceeded expectations,"Performs well for basic use, not for heavy tasks.",2024-08-03
Andrés,Great purchase,"Mediocre product, I do not recommend it.",2024-12-02
Sebastián,Meets expectations,"Questionable durability, wears out quickly.",2025-01-17
Isabella,Nice design,"Excellent value for money, I recommend it.",2024-12-24
Sofía,Bad experience,"I would not buy it again, it broke in a few days.",2024-12-05
Luis,Nice design,"The color does not match the description, disappointed.",2024-12-04
Fernanda,Nice design,"I would not buy it again, it broke in a few days.",2024-10-25
Luis,Poor quality,"Arrived earlier than expected, very satisfied.",2025-01-05
Carlos,Poor quality,"Arrived earlier than expected, very satisfied.",2024-10-12
Camila,Bad experience,"Very good finish, looks high-end.",2025-04-09
Paula,Very satisfied,"Questionable durability, wears out quickly.",2024-11-04
Gabriel,Premium look,"Questionable durability, wears out quickly.",2024-10-19
Laura,Bad experience,Unbeatable value for money.,2025-01-20
Laura,Exceeded expectations,"The color does not match the description, disappointed.",2025-03-02
Andrés,Easy setup,"Fast delivery and good packaging, everything perfect.",2025-06-19
Mateo,Fast shipping,"The quality surprised me, it exceeded my expectations.",2024-12-27
Luis,Poor quality,"Good product for the price, although there are better options.",2025-04-18
Sebastián,Basic but good,"It works well, but the battery does not last long.",2025-02-10
Sofía,Wrong color,"The color does not match the description, disappointed.",2025-04-13
Valeria,Highly recommended,"It does what it promises, nothing more.",2024-09-18
Luis,Bad experience,"I loved the product, very useful and easy to use.",2024-09-08
Ana,Basic but good,"Mediocre product, I do not recommend it.",2024-09-09
Carlos,Poor quality,"Performs well for basic use, not for heavy tasks.",2024-09-28
Fernanda,Exceeded expectations,"Very good finish, looks high-end.",2024-09-19
Isabella,Bad experience,"It does what it promises, nothing more.",2025-06-14
Javier,Best deal,"The color does not match the description, disappointed.",2025-04-19
Lucía,Battery issue,"It did not meet my expectations, I expected better quality.",2024-09-12
Miguel,Excellent support,"Mediocre product, I do not recommend it.",2025-03-23
Sebastián,Easy setup,"It did not meet my expectations, I expected better quality.",2024-10-12
Ana,Excellent support,"The color does not match the description, disappointed.",2025-03-09
Javier,Bad experience,"The design is attractive, but the material feels fragile.",2025-07-04
Carlos,Highly recommended,"I had issues with the warranty, bad experience.",2024-09-09
Lucía,Easy setup,"The design is attractive, but the material feels fragile.",2024-09-22
Sebastián,Excellent support,"Very good finish, looks high-end.",2025-04-16
Gabriel,Premium look,"Mediocre product, I do not recommend it.",2025-05-17
Carlos,Meets expectations,"It does what it promises, nothing more.",2025-02-24
Pedro,Warranty problem,"Performs well for basic use, not for heavy tasks.",2025-05-06
Paula,Exceeded expectations,"Good product for the price, although there are better options.",2024-08-13
Miguel,Great purchase,"Mediocre product, I do not recommend it.",2025-05-24
Miguel,Nice design,"It does what it promises, nothing more.",2025-06-29
Fernanda,Not worth the price,"The quality surprised me, it exceeded my expectations.",2024-12-22
Miguel,Battery issue,"Mediocre product, I do not recommend it.",2024-11-27
Gabriel,Basic but good,"Fast delivery and good packaging, everything perfect.",2024-08-04
Isabella,Excellent support,"The color does not match the description, disappointed.",2025-03-02
Sebastián,Very satisfied,"The color does not match the description, disappointed.",2025-06-08
Gabriel,Poor quality,"Excellent value for money, I recommend it.",2024-12-12
Sebastián,Good value,"Performs well for basic use, not for heavy tasks.",2024-08-20
Gabriel,Poor quality,"The color does not match the description, disappointed.",2025-02-24
Carlos,Battery issue,"Very good finish, looks high-end.",2025-04-03
Fernanda,Not worth the price,"Performs well for basic use, not for heavy tasks.",2024-11-29
Isabella,Highly recommended,"Performs well for basic use, not for heavy tasks.",2024-09-29
Carlos,Good value,"I had issues with the warranty, bad experience.",2024-11-26
Sebastián,Basic but good,"The color does not match the description, disappointed.",2025-06-21
Mateo,Battery issue,"I would not buy it again, it broke in a few days.",2024-12-26
Andrés,Excellent support,"Good product for the price, although there are better options.",2025-04-17
Ana,Best deal,"Good product for the price, although there are better options.",2024-09-29
Camila,Great purchase,"Fast delivery and good packaging, everything perfect.",2025-07-10
Miguel,Fast shipping,"Arrived earlier than expected, very satisfied.",2024-08-10
Miguel,Best deal,"Questionable durability, wears out quickly.",2024-10-03
Javier,Battery issue,Unbeatable value for money.,2025-07-14
Ana,Good value,"I had issues with the warranty, bad experience.",2025-04-14
Sofía,Easy setup,"It did not meet my expectations, I expected better quality.",2024-11-07
María,Exceeded expectations,"Easy to install and use, I would buy it again.",2025-07-21
Diego,Excellent support,"Easy to install and use, I would buy it again.",2024-08-14
Pedro,Wrong color,"Mediocre product, I do not recommend it.",2025-03-12
Laura,Easy setup,Unbeatable value for money.,2025-05-21
Luis,Excellent support,"The design is attractive, but the material feels fragile.",2024-12-05
Fernanda,Best deal,"Questionable durability, wears out quickly.",2025-05-19
Isabella,Good value,"Excellent value for money, I recommend it.",2024-09-06
Laura,Battery issue,Unbeatable value for money.,2025-02-20
Miguel,Wrong color,"Arrived earlier than expected, very satisfied.",2024-09-12
Luis,Nice design,"Fast delivery and good packaging, everything perfect.",2025-03-04
Paula,Best deal,"Very good finish, looks high-end.",2025-05-02
Isabella,Meets expectations,"Easy to install and use, I would buy it again.",2024-09-14
Javier,Excellent support,"Fast delivery and good packaging, everything perfect.",2024-08-18
Laura,Best deal,"I would not buy it again, it broke in a few days.",2025-06-03
Gabriel,Good value,"Easy to install and use, I would buy it again.",2025-01-16
Valeria,Easy setup,Unbeatable value for money.,2025-04-07
Carlos,Very satisfied,"Questionable durability, wears out quickly.",2025-07-26
Isabella,Wrong color,"Mediocre product, I do not recommend it.",2025-05-27
Camila,Battery issue,"Fast delivery and good packaging, everything perfect.",2025-01-25
Laura,Durability problem,"I had issues with the warranty, bad experience.",2025-01-19
Paula,Highly recommended,Unbeatable value for money.,2025-06-11
Luis,Very satisfied,"I had issues with the warranty, bad experience.",2024-08-08
Mateo,Warranty problem,"I had issues with the warranty, bad experience.",2025-04-26
Gabriel,Excellent support,"It works well, but the battery does not last long.",2025-02-25
Luis,Premium look,"The quality surprised me, it exceeded my expectations.",2025-03-13
Andrés,Durability problem,"Fast delivery and good packaging, everything perfect.",2025-03-31
Sebastián,Poor quality,"Questionable durability, wears out quickly.",2024-09-24
Valeria,Meets expectations,"I loved the product, very useful and easy to use.",2025-05-03
Lucía,Very satisfied,"I would not buy it again, it broke in a few days.",2025-01-24
Lucía,Battery issue,"The quality surprised me, it exceeded my expectations.",2024-08-14
Andrés,Very satisfied,"Arrived earlier than expected, very satisfied.",2024-10-14
Mateo,Warranty problem,"Easy to install and use, I would buy it again.",2024-08-24
Carlos,Warranty problem,Unbeatable value for money.,2025-05-12
Javier,Fast shipping,"The design is attractive, but the material feels fragile.",2025-05-17
Lucía,Very satisfied,"Easy to install and use, I would buy it again.",2025-04-08
Pedro,Durability problem,"Questionable durability, wears out quickly.",2024-11-19
Camila,Battery issue,"Performs well for basic use, not for heavy tasks.",2024-12-16
Mateo,Durability problem,"I loved the product, very useful and easy to use.",2024-08-02
Andrés,Not worth the price,"I loved the product, very useful and easy to use.",2024-12-09
Pedro,Good value,"I would not buy it again, it broke in a few days.",2025-03-13
Diego,Bad experience,"The quality surprised me, it exceeded my expectations.",2025-07-01
Miguel,Great purchase,"I had issues with the warranty, bad experience.",2025-03-30
Laura,Easy setup,"Customer service was excellent, they answered my questions.",2025-07-19
Paula,Poor quality,"The color does not match the description, disappointed.",2024-10-10
Pedro,Meets expectations,"Questionable durability, wears out quickly.",2025-03-11
Isabella,Exceeded expectations,"Mediocre product, I do not recommend it.",2025-07-14
Luis,Excellent support,"Excellent value for money, I recommend it.",2025-07-01
Camila,Wrong color,"It does what it promises, nothing more.",2024-09-22
Miguel,Excellent support,"Easy to install and use, I would buy it again.",2025-05-08
Sebastián,Best deal,"The quality surprised me, it exceeded my expectations.",2025-03-01
Pedro,Wrong color,"Arrived earlier than expected, very satisfied.",2025-02-09
Sofía,Easy setup,"Questionable durability, wears out quickly.",2025-07-13
Lucía,Warranty problem,"I loved the product, very useful and easy to use.",2025-01-29
Javier,Nice design,"It does what it promises, nothing more.",2025-01-13
Sofía,Not worth the price,"The quality surprised me, it exceeded my expectations.",2025-05-25
Pedro,Bad experience,"Questionable durability, wears out quickly.",2024-08-02
Gabriel,Easy setup,"Performs well for basic use, not for heavy tasks.",2025-06-20
Javier,Not worth the price,"Excellent value for money, I recommend it.",2024-12-04
Carlos,Good value,"It did not meet my expectations, I expected better quality.",2025-04-11
Ana,Fast shipping,"It does what it promises, nothing more.",2025-05-01
Pedro,Battery issue,"It does what it promises, nothing more.",2025-05-04
Camila,Highly recommended,"Good product for the price, although there are better options.",2025-06-28
María,Basic but good,"Excellent value for money, I recommend it.",2024-08-02
Paula,Battery issue,"Easy to install and use, I would buy it again.",2024-09-16
Pedro,Nice design,"The quality surprised me, it exceeded my expectations.",2024-11-23
Carlos,Premium look,"The design is attractive, but the material feels fragile.",2025-05-06
Diego,Not worth the price,"Excellent value for money, I recommend it.",2024-09-24
Andrés,Premium look,"It works well, but the battery does not last long.",2025-02-25
Andrés,Exceeded expectations,"Good product for the price, although there are better options.",2025-02-28
Laura,Basic but good,"It works well, but the battery does not last long.",2025-04-15
Gabriel,Basic but good,"Questionable durability, wears out quickly.",2024-08-05
Gabriel,Best deal,"I loved the product, very useful and easy to use.",2024-12-02
Ana,Poor quality,"Easy to install and use, I would buy it again.",2024-08-12
Diego,Nice design,"I would not buy it again, it broke in a few days.",2024-09-02
Pedro,Nice design,"Customer service was excellent, they answered my questions.",2024-09-04
Javier,Not worth the price,"I would not buy it again, it broke in a few days.",2025-07-20
Carlos,Excellent support,"Customer service was excellent, they answered my questions.",2025-05-20
Pedro,Basic but good,"Performs well for basic use, not for heavy tasks.",2024-09-22
Sebastián,Highly recommended,"It does what it promises, nothing more.",2025-01-05
Camila,Good value,"Fast delivery and good packaging, everything perfect.",2025-02-04
Pedro,Easy setup,"Good product for the price, although there are better options.",2025-01-22
Miguel,Great purchase,"Good product for the price, although there are better options.",2024-11-02
Ana,Excellent support,"I would not buy it again, it broke in a few days.",2024-08-28
Gabriel,Basic but good,"The quality surprised me, it exceeded my expectations.",2025-06-11
Laura,Poor quality,"Arrived earlier than expected, very satisfied.",2025-06-27
Isabella,Meets expectations,"Performs well for basic use, not for heavy tasks.",2024-08-24
Javier,Durability problem,"I loved the product, very useful and easy to use.",2024-11-11
Andrés,Nice design,"Easy to install and use, I would buy it again.",2025-04-25
Lucía,Basic but good,"It did not meet my expectations, I expected better quality.",2025-06-15
Laura,Very satisfied,"Very good finish, looks high-end.",2024-11-10
Ana,Highly recommended,"Customer service was excellent, they answered my questions.",2025-04-23
Lucía,Very satisfied,"Mediocre product, I do not recommend it.",2024-07-26
Pedro,Poor quality,"It works well, but the battery does not last long.",2025-03-14
María,Excellent support,"Customer service was excellent, they answered my questions.",2024-10-03
Camila,Best deal,"Easy to install and use, I would buy it again.",2024-09-02
Andrés,Durability problem,"The quality surprised me, it exceeded my expectations.",2025-05-31
Carlos,Very satisfied,"I had issues with the warranty, bad experience.",2024-08-31
Isabella,Not worth the price,"Performs well for basic use, not for heavy tasks.",2024-12-04
Javier,Wrong color,"Arrived earlier than expected, very satisfied.",2024-10-05
Javier,Nice design,"Questionable durability, wears out quickly.",2024-09-21
Lucía,Battery issue,"Questionable durability, wears out quickly.",2025-07-14
Lucía,Excellent support,"I would not buy it again, it broke in a few days.",2024-12-31
Fernanda,Highly recommended,"I loved the product, very useful and easy to use.",2025-05-06
María,Nice design,"It did not meet my expectations, I expected better quality.",2025-05-02
Lucía,Fast shipping,"Questionable durability, wears out quickly.",2024-10-15
Valeria,Great purchase,"I had issues with the warranty, bad experience.",2025-06-14
Ana,Easy setup,Unbeatable value for money.,2025-04-13
Diego,Best deal,"The design is attractive, but the material feels fragile.",2025-03-07
Sebastián,Excellent support,"Mediocre product, I do not recommend it.",2024-10-26
Sofía,Very satisfied,"I loved the product, very useful and easy to use.",2024-10-10
Miguel,Easy setup,"The quality surprised me, it exceeded my expectations.",2025-03-13
Luis,Basic but good,"I would not buy it again, it broke in a few days.",2025-01-31
Fernanda,Premium look,"The quality surprised me, it exceeded my expectations.",2025-06-05
Carlos,Meets expectations,"Performs well for basic use, not for heavy tasks.",2025-03-15
Andrés,Excellent support,"It did not meet my expectations, I expected better quality.",2025-05-11
Andrés,Warranty problem,"Arrived earlier than expected, very satisfied.",2025-01-27
Luis,Meets expectations,"Mediocre product, I do not recommend it.",2025-07-12
Diego,Great purchase,"Easy to install and use, I would buy it again.",2024-09-15
Diego,Fast shipping,"Very good finish, looks high-end.",2024-10-17
Pedro,Wrong color,"It works well, but the battery does not last long.",2025-06-16
Mateo,Warranty problem,"Easy to install and use, I would buy it again.",2024-10-16
Sebastián,Wrong color,"Good product for the price, although there are better options.",2024-10-02
Gabriel,Basic but good,"Customer service was excellent, they answered my questions.",2025-04-03
Camila,Easy setup,"It works well, but the battery does not last long.",2025-02-24
Gabriel,Fast shipping,"It works well, but the battery does not last long.",2024-12-05
Mateo,Not worth the price,Unbeatable value for money.,2024-10-30
Valeria,Exceeded expectations,"I loved the product, very useful and easy to use.",2025-05-22
Lucía,Poor quality,"Arrived earlier than expected, very satisfied.",2024-10-03
Laura,Easy setup,"Mediocre product, I do not recommend it.",2024-09-28
Isabella,Wrong color,"I would not buy it again, it broke in a few days.",2025-02-13
Paula,Easy setup,"The quality surprised me, it exceeded my expectations.",2025-03-01
María,Not worth the price,Unbeatable value for money.,2025-01-04
Mateo,Great purchase,"Good product for the price, although there are better options.",2024-08-15
Javier,Best deal,"It did not meet my expectations, I expected better quality.",2025-04-25
Pedro,Nice design,"It did not meet my expectations, I expected better quality.",2024-11-08
Javier,Great purchase,"Questionable durability, wears out quickly.",2024-11-18
Andrés,Fast shipping,"Customer service was excellent, they answered my questions.",2024-11-15
Fernanda,Excellent support,"It works well, but the battery does not last long.",2025-07-19
Sofía,Good value,"Easy to install and use, I would buy it again.",2024-11-13
Camila,Battery issue,"Arrived earlier than expected, very satisfied.",2024-11-04
Laura,Nice design,"Arrived earlier than expected, very satisfied.",2025-05-23
Laura,Not worth the price,"I loved the product, very useful and easy to use.",2024-12-31
Lucía,Warranty problem,"Arrived earlier than expected, very satisfied.",2024-11-06
Isabella,Wrong color,"Customer service was excellent, they answered my questions.",2025-05-16
Carlos,Nice design,"I would not buy it again, it broke in a few days.",2024-08-14
Isabella,Premium look,"It did not meet my expectations, I expected better quality.",2025-05-14
Gabriel,Basic but good,"I loved the product, very useful and easy to use.",2024-12-17
Pedro,Meets expectations,"The quality surprised me, it exceeded my expectations.",2025-02-28
Fernanda,Best deal,"Excellent value for money, I recommend it.",2024-10-31
Gabriel,Excellent support,"I loved the product, very useful and easy to use.",2025-07-24
Sofía,Best deal,"It works well, but the battery does not last long.",2024-09-06
Mateo,Premium look,"The color does not match the description, disappointed.",2025-06-17
Ana,Good value,Unbeatable value for money.,2024-08-29
Sebastián,Battery issue,"I loved the product, very useful and easy to use.",2024-10-06
Sofía,Good value,"The color does not match the description, disappointed.",2025-07-10
Gabriel,Meets expectations,"It works well, but the battery does not last long.",2025-05-28
Miguel,Wrong color,"Mediocre product, I do not recommend it.",2025-05-11
María,Wrong color,"I had issues with the warranty, bad experience.",2024-12-31
Luis,Meets expectations,"I loved the product, very useful and easy to use.",2025-06-29
Gabriel,Bad experience,"It does what it promises, nothing more.",2025-04-28
Javier,Excellent support,"Excellent value for money, I recommend it.",2025-07-22
Gabriel,Fast shipping,"Customer service was excellent, they answered my questions.",2024-10-03
Andrés,Warranty problem,"Mediocre product, I do not recommend it.",2025-02-21
Diego,Exceeded expectations,"I would not buy it again, it broke in a few days.",2025-01-05
Mateo,Good value,"Mediocre product, I do not recommend it.",2025-07-26
Ana,Very satisfied,"I would not buy it again, it broke in a few days.",2025-01-25
Gabriel,Good value,"Performs well for basic use, not for heavy tasks.",2025-06-06
Sofía,Meets expectations,"Questionable durability, wears out quickly.",2024-09-27
Isabella,Good value,"Very good finish, looks high-end.",2025-05-13
Sofía,Best deal,"Easy to install and use, I would buy it again.",2024-08-27
Sofía,Excellent support,"Mediocre product, I do not recommend it.",2024-12-16
María,Fast shipping,"Very good finish, looks high-end.",2024-11-17
Javier,Fast shipping,Unbeatable value for money.,2025-07-10
Isabella,Durability problem,"Very good finish, looks high-end.",2025-03-04
Sofía,Excellent support,"Good product for the price, although there are better options.",2024-08-09
Lucía,Nice design,"It works well, but the battery does not last long.",2024-08-23
Valeria,Easy setup,"The color does not match the description, disappointed.",2024-10-03
Andrés,Battery issue,"Very good finish, looks high-end.",2025-05-24
Diego,Durability problem,"Excellent value for money, I recommend it.",2025-01-06
Pedro,Battery issue,"Performs well for basic use, not for heavy tasks.",2024-12-20
Gabriel,Exceeded expectations,"Easy to install and use, I would buy it again.",2024-08-21
Andrés,Great purchase,"The quality surprised me, it exceeded my expectations.",2025-07-03
Mateo,Great purchase,"I loved the product, very useful and easy to use.",2025-05-03
Laura,Not worth the price,"Customer service was excellent, they answered my questions.",2025-07-05
Camila,Wrong color,"Performs well for basic use, not for heavy tasks.",2024-10-04
Luis,Warranty problem,"Mediocre product, I do not recommend it.",2025-05-22
Fernanda,Warranty problem,"Very good finish, looks high-end.",2025-06-10
Javier,Good value,"I had issues with the warranty, bad experience.",2025-03-06
Pedro,Basic but good,"It did not meet my expectations, I expected better quality.",2024-08-10
Camila,Durability problem,"It works well, but the battery does not last long.",2024-09-18
Sofía,Good value,"Easy to install and use, I would buy it again.",2024-10-21
Ana,Easy setup,"I would not buy it again, it broke in a few days.",2024-07-28
Luis,Durability problem,"The design is attractive, but the material feels fragile.",2024-10-20
Ana,Great purchase,"The color does not match the description, disappointed.",2025-05-01
Fernanda,Fast shipping,"Excellent value for money, I recommend it.",2025-07-12
Javier,Wrong color,"Easy to install and use, I would buy it again.",2025-01-26
Gabriel,Warranty problem,"Good product for the price, although there are better options.",2024-07-27
María,Durability problem,"I would not buy it again, it broke in a few days.",2024-07-30
Pedro,Easy setup,"Fast delivery and good packaging, everything perfect.",2025-06-14
Pedro,Wrong color,"Excellent value for money, I recommend it.",2025-06-30
Andrés,Good value,"Questionable durability, wears out quickly.",2025-05-22
Javier,Premium look,"Fast delivery and good packaging, everything perfect.",2024-08-31
Fernanda,Wrong color,"It did not meet my expectations, I expected better quality.",2025-06-14
Diego,Great purchase,"I would not buy it again, it broke in a few days.",2025-04-10
María,Wrong color,"Good product for the price, although there are better options.",2025-04-15
Pedro,Highly recommended,"I would not buy it again, it broke in a few days.",2025-04-18
Pedro,Great purchase,Unbeatable value for money.,2024-11-14
Andrés,Meets expectations,"Mediocre product, I do not recommend it.",2025-04-14
Miguel,Best deal,"Good product for the price, although there are better options.",2025-05-08
Laura,Poor quality,"Easy to install and use, I would buy it again.",2025-06-16
Pedro,Highly recommended,"It works well, but the battery does not last long.",2025-03-28
Paula,Best deal,"Performs well for basic use, not for heavy tasks.",2024-08-17
Gabriel,Durability problem,"It works well, but the battery does not last long.",2025-01-22
Fernanda,Highly recommended,"Very good finish, looks high-end.",2025-05-18
Fernanda,Premium look,"Performs well for basic use, not for heavy tasks.",2025-05-08
Javier,Meets expectations,Unbeatable value for money.,2025-03-14
Pedro,Easy setup,"Arrived earlier than expected, very satisfied.",2025-04-16
Camila,Easy setup,"Mediocre product, I do not recommend it.",2025-06-27
Paula,Poor quality,"Excellent value for money, I recommend it.",2025-05-01
Sebastián,Bad experience,"It does what it promises, nothing more.",2025-05-10
Valeria,Highly recommended,"Customer service was excellent, they answered my questions.",2024-11-03
María,Good value,"Mediocre product, I do not recommend it.",2024-10-06
Camila,Wrong color,"Performs well for basic use, not for heavy tasks.",2025-01-28
Lucía,Highly recommended,"Performs well for basic use, not for heavy tasks.",2025-01-13
Javier,Premium look,"The quality surprised me, it exceeded my expectations.",2024-11-18
Valeria,Easy setup,"The color does not match the description, disappointed.",2024-12-03
Miguel,Wrong color,"Very good finish, looks high-end.",2025-01-12
Pedro,Battery issue,"The color does not match the description, disappointed.",2025-02-10
Laura,Warranty problem,"Performs well for basic use, not for heavy tasks.",2025-05-10
Diego,Exceeded expectations,"Questionable durability, wears out quickly.",2024-08-26
Carlos,Warranty problem,"It works well, but the battery does not last long.",2024-11-29
Ana,Exceeded expectations,"Excellent value for money, I recommend it.",2024-10-01
Diego,Battery issue,"Easy to install and use, I would buy it again.",2025-05-02
Mateo,Easy setup,"Arrived earlier than expected, very satisfied.",2025-03-08
Sebastián,Good value,"Arrived earlier than expected, very satisfied.",2025-07-24
Javier,Wrong color,"Performs well for basic use, not for heavy tasks.",2024-08-07
Laura,Best deal,"Arrived earlier than expected, very satisfied.",2025-02-20
Sofía,Meets expectations,"I had issues with the warranty, bad experience.",2025-05-18
Carlos,Excellent support,"Customer service was excellent, they answered my questions.",2024-09-21
María,Highly recommended,"Good product for the price, although there are better options.",2024-08-31
Gabriel,Good value,"Customer service was excellent, they answered my questions.",2024-08-08
Luis,Premium look,"I loved the product, very useful and easy to use.",2025-05-30
Diego,Best deal,"The quality surprised me, it exceeded my expectations.",2025-05-30
Valeria,Good value,"Easy to install and use, I would buy it again.",2025-06-07
Valeria,Great purchase,"Easy to install and use, I would buy it again.",2025-02-07
Fernanda,Easy setup,"Arrived earlier than expected, very satisfied.",2025-01-22
María,Highly recommended,"The color does not match the description, disappointed.",2025-03-17
Isabella,Wrong color,"Excellent value for money, I recommend it.",2025-02-08
Valeria,Durability problem,"Excellent value for money, I recommend it.",2025-04-20
Lucía,Meets expectations,Unbeatable value for money.,2025-03-20
Lucía,Bad experience,"Good product for the price, although there are better options.",2025-07-01
Mateo,Not worth the price,"Fast delivery and good packaging, everything perfect.",2025-05-21
Carlos,Battery issue,Unbeatable value for money.,2025-02-09
Miguel,Meets expectations,"Customer service was excellent, they answered my questions.",2025-02-08
Camila,Nice design,"Good product for the price, although there are better options.",2024-12-28
Lucía,Bad experience,Unbeatable value for money.,2024-11-22
Lucía,Exceeded expectations,"The design is attractive, but the material feels fragile.",2025-07-21
Luis,Meets expectations,"Arrived earlier than expected, very satisfied.",2025-03-11
Sebastián,Basic but good,"Questionable durability, wears out quickly.",2025-01-26
Valeria,Fast shipping,"I had issues with the warranty, bad experience.",2024-12-19
Sofía,Excellent support,Unbeatable value for money.,2024-12-27
Lucía,Very satisfied,"Fast delivery and good packaging, everything perfect.",2024-12-29
Gabriel,Very satisfied,"Questionable durability, wears out quickly.",2025-07-01
Gabriel,Basic but good,"It did not meet my expectations, I expected better quality.",2025-03-14
Miguel,Basic but good,"Performs well for basic use, not for heavy tasks.",2025-03-29
María,Best deal,"Arrived earlier than expected, very satisfied.",2025-04-15
Mateo,Not worth the price,"Excellent value for money, I recommend it.",2025-05-02
Luis,Battery issue,"Easy to install and use, I would buy it again.",2024-12-28
Luis,Exceeded expectations,"It works well, but the battery does not last long.",2025-05-18
Laura,Battery issue,"It does what it promises, nothing more.",2024-09-16
Camila,Fast shipping,"It works well, but the battery does not last long.",2024-07-27
Javier,Fast shipping,Unbeatable value for money.,2024-10-07
Lucía,Premium look,"I had issues with the warranty, bad experience.",2024-08-04
